{"cameraMode":{"drawMode":0,"name":"Shaded","section":"Shading Mode"},"sceneLighting":true,"audioPlay":false,"sceneViewState":{"m_AlwaysRefresh":false,"showFog":true,"showSkybox":true,"showFlares":true,"showImageEffects":true,"showParticleSystems":true,"showVisualEffectGraphs":true,"m_FxEnabled":true},"in2DMode":false,"pivot":{"x":2.6006975173950197,"y":-5.704709529876709,"z":18.206148147583009},"rotation":{"x":0.17310190200805665,"y":-0.015757834538817407,"z":0.00276978244073689,"w":0.984777569770813},"size":13.989542007446289,"orthographic":false}